"ref_area.label","source.label","indicator.label","sex.label","classif1.label","time","obs_value","obs_status.label","note_classif.label","note_indicator.label","note_source.label"
"Switzerland","LFS - Labour Force Survey","Average monthly earnings of employees by sex","Sex: Total","Currency: U.S. dollars","2023",6798.847,,,"Currency: CHE - Euro (EUR)","Repository: ILO-STATISTICS - Micro data processing"
"Switzerland","LFS - Labour Force Survey","Average monthly earnings of employees by sex","Sex: Total","Currency: U.S. dollars","2022",6463.19,,,"Currency: CHE - Euro (EUR)","Repository: ILO-STATISTICS - Micro data processing"
"Switzerland","LFS - Labour Force Survey","Average monthly earnings of employees by sex","Sex: Total","Currency: U.S. dollars","2021",7207.33,,,"Currency: CHE - Euro (EUR)","Repository: ILO-STATISTICS - Micro data processing"
"Switzerland","LFS - Labour Force Survey","Average monthly earnings of employees by sex","Sex: Total","Currency: U.S. dollars","2020",6863.72,,,"Currency: CHE - Euro (EUR)","Repository: ILO-STATISTICS - Micro data processing"
"Switzerland","LFS - Labour Force Survey","Average monthly earnings of employees by sex","Sex: Total","Currency: U.S. dollars","2019",6643.188,,,"Currency: CHE - Euro (EUR)","Repository: ILO-STATISTICS - Micro data processing"
"Switzerland","LFS - Labour Force Survey","Average monthly earnings of employees by sex","Sex: Total","Currency: U.S. dollars","2018",6940.362,,,"Currency: CHE - Euro (EUR)","Repository: ILO-STATISTICS - Micro data processing"
"Switzerland","LFS - Labour Force Survey","Average monthly earnings of employees by sex","Sex: Total","Currency: U.S. dollars","2017",6564.307,,,"Currency: CHE - Euro (EUR)","Repository: ILO-STATISTICS - Micro data processing"
"Switzerland","LFS - Labour Force Survey","Average monthly earnings of employees by sex","Sex: Total","Currency: U.S. dollars","2016",6400.963,,,"Currency: CHE - Euro (EUR)","Repository: ILO-STATISTICS - Micro data processing"
"Switzerland","LFS - Labour Force Survey","Average monthly earnings of employees by sex","Sex: Total","Currency: U.S. dollars","2015",6428.299,,,"Currency: CHE - Euro (EUR)","Repository: ILO-STATISTICS - Micro data processing"
"Switzerland","LFS - Labour Force Survey","Average monthly earnings of employees by sex","Sex: Total","Currency: U.S. dollars","2014",7619.795,,,"Currency: CHE - Euro (EUR)","Repository: ILO-STATISTICS - Micro data processing"
"Switzerland","LFS - Labour Force Survey","Average monthly earnings of employees by sex","Sex: Total","Currency: U.S. dollars","2013",7604.285,,,"Currency: CHE - Euro (EUR)","Repository: ILO-STATISTICS - Micro data processing"
"Switzerland","LFS - Labour Force Survey","Average monthly earnings of employees by sex","Sex: Total","Currency: U.S. dollars","2012",7281.705,,,"Currency: CHE - Euro (EUR)","Repository: ILO-STATISTICS - Micro data processing"
"Switzerland","LFS - Labour Force Survey","Average monthly earnings of employees by sex","Sex: Total","Currency: U.S. dollars","2011",7841.727,,,"Currency: CHE - Euro (EUR)","Repository: ILO-STATISTICS - Micro data processing"
"Switzerland","LFS - Labour Force Survey","Average monthly earnings of employees by sex","Sex: Total","Currency: U.S. dollars","2010",7390.421,,,"Currency: CHE - Euro (EUR)","Repository: ILO-STATISTICS - Micro data processing"
"Switzerland","LFS - Labour Force Survey","Average monthly earnings of employees by sex","Sex: Total","Currency: U.S. dollars","2009",7841.203,,,"Currency: CHE - Euro (EUR)","Repository: ILO-STATISTICS - Micro data processing"
"Switzerland","LFS - Labour Force Survey","Average monthly earnings of employees by sex","Sex: Total","Currency: U.S. dollars","2008",8238.327,,,"Currency: CHE - Euro (EUR)","Repository: ILO-STATISTICS - Micro data processing"
"Switzerland","LFS - Labour Force Survey","Average monthly earnings of employees by sex","Sex: Total","Currency: U.S. dollars","2007",7575.406,,,"Currency: CHE - Euro (EUR)","Repository: ILO-STATISTICS - Micro data processing"
"Switzerland","LFS - Labour Force Survey","Average monthly earnings of employees by sex","Sex: Total","Currency: U.S. dollars","2006",6733.037,,,"Currency: CHE - Euro (EUR)","Repository: ILO-STATISTICS - Micro data processing"
"Switzerland","LFS - Labour Force Survey","Average monthly earnings of employees by sex","Sex: Total","Currency: U.S. dollars","2005",6614.175,,,"Currency: CHE - Euro (EUR)","Repository: ILO-STATISTICS - Micro data processing"
"Switzerland","LFS - Labour Force Survey","Average monthly earnings of employees by sex","Sex: Total","Currency: U.S. dollars","2004",6557.112,,,"Currency: CHE - Euro (EUR)","Repository: ILO-STATISTICS - Micro data processing"
"Switzerland","LFS - Labour Force Survey","Average monthly earnings of employees by sex","Sex: Total","Currency: U.S. dollars","2003",5902.963,,,"Currency: CHE - Euro (EUR)","Repository: ILO-STATISTICS - Micro data processing"
"Switzerland","LFS - Labour Force Survey","Average monthly earnings of employees by sex","Sex: Total","Currency: U.S. dollars","2002",4849.093,,,"Currency: CHE - Euro (EUR)","Repository: ILO-STATISTICS - Micro data processing"
"Switzerland","LFS - Labour Force Survey","Average monthly earnings of employees by sex","Sex: Total","Currency: U.S. dollars","2001",4529.068,,,"Currency: CHE - Euro (EUR)","Repository: ILO-STATISTICS - Micro data processing"
"Switzerland","LFS - Labour Force Survey","Average monthly earnings of employees by sex","Sex: Total","Currency: U.S. dollars","2000",4534.598,,,"Currency: CHE - Euro (EUR)","Repository: ILO-STATISTICS - Micro data processing"
"Switzerland","LFS - Labour Force Survey","Average monthly earnings of employees by sex","Sex: Total","Currency: U.S. dollars","1999",5159.387,,,"Currency: CHE - Euro (EUR)","Repository: ILO-STATISTICS - Micro data processing"
"China","ADM-EOR - Labour and Social Security Records","Average monthly earnings of employees by sex","Sex: Total","Currency: U.S. dollars","2022",806.868,,,"Working time arrangement coverage: Full-time workers | Working time concept: Hours actually worked | Currency: CHN - Yuan (CNY)","Geographical coverage: Urban areas only | Institutional sector coverage: Private sector only"
"China","ADM-EOR - Labour and Social Security Records","Average monthly earnings of employees by sex","Sex: Total","Currency: U.S. dollars","2021",812.584,,,"Working time arrangement coverage: Full-time workers | Working time concept: Hours actually worked | Currency: CHN - Yuan (CNY)","Geographical coverage: Urban areas only | Institutional sector coverage: Private sector only"
"China","ADM-EOR - Labour and Social Security Records","Average monthly earnings of employees by sex","Sex: Total","Currency: U.S. dollars","2020",697.109,,,"Working time arrangement coverage: Full-time workers | Working time concept: Hours actually worked | Currency: CHN - Yuan (CNY)","Geographical coverage: Urban areas only | Institutional sector coverage: Private sector only"
"China","ADM-EOR - Labour and Social Security Records","Average monthly earnings of employees by sex","Sex: Total","Currency: U.S. dollars","2019",646.606,,,"Working time arrangement coverage: Full-time workers | Working time concept: Hours actually worked | Currency: CHN - Yuan (CNY)","Geographical coverage: Urban areas only | Institutional sector coverage: Private sector only"
"China","ADM-EOR - Labour and Social Security Records","Average monthly earnings of employees by sex","Sex: Total","Currency: U.S. dollars","2018",624.437,,,"Working time arrangement coverage: Full-time workers | Working time concept: Hours actually worked | Currency: CHN - Yuan (CNY)","Geographical coverage: Urban areas only | Institutional sector coverage: Private sector only"
"China","ADM-EOR - Labour and Social Security Records","Average monthly earnings of employees by sex","Sex: Total","Currency: U.S. dollars","2017",564.219,,,"Working time arrangement coverage: Full-time workers | Working time concept: Hours actually worked | Currency: CHN - Yuan (CNY)","Geographical coverage: Urban areas only | Institutional sector coverage: Private sector only"
"China","ADM-EOR - Labour and Social Security Records","Average monthly earnings of employees by sex","Sex: Total","Currency: U.S. dollars","2016",537.2,,,"Working time arrangement coverage: Full-time workers | Working time concept: Hours actually worked | Currency: CHN - Yuan (CNY)","Geographical coverage: Urban areas only | Institutional sector coverage: Private sector only"
"China","ADM-EOR - Labour and Social Security Records","Average monthly earnings of employees by sex","Sex: Total","Currency: U.S. dollars","2015",529.761,,,"Working time arrangement coverage: Full-time workers | Working time concept: Hours actually worked | Currency: CHN - Yuan (CNY)","Geographical coverage: Urban areas only | Institutional sector coverage: Private sector only"
"China","ADM-EOR - Labour and Social Security Records","Average monthly earnings of employees by sex","Sex: Total","Currency: U.S. dollars","2014",493.616,,,"Working time arrangement coverage: Full-time workers | Working time concept: Hours actually worked | Currency: CHN - Yuan (CNY)","Geographical coverage: Urban areas only | Institutional sector coverage: Private sector only"
"China","ADM-EOR - Labour and Social Security Records","Average monthly earnings of employees by sex","Sex: Total","Currency: U.S. dollars","2013",439.898,,,"Working time arrangement coverage: Full-time workers | Working time concept: Hours actually worked | Currency: CHN - Yuan (CNY)","Geographical coverage: Urban areas only | Institutional sector coverage: Private sector only"
"China","ADM-EOR - Labour and Social Security Records","Average monthly earnings of employees by sex","Sex: Total","Currency: U.S. dollars","2012",379.574,,,"Working time arrangement coverage: Full-time workers | Working time concept: Hours actually worked | Currency: CHN - Yuan (CNY)","Geographical coverage: Urban areas only | Institutional sector coverage: Private sector only"
"China","ADM-EOR - Labour and Social Security Records","Average monthly earnings of employees by sex","Sex: Total","Currency: U.S. dollars","2011",316.698,,,"Working time arrangement coverage: Full-time workers | Working time concept: Hours actually worked | Currency: CHN - Yuan (CNY)","Geographical coverage: Urban areas only | Institutional sector coverage: Private sector only"
"China","ADM-EOR - Labour and Social Security Records","Average monthly earnings of employees by sex","Sex: Total","Currency: U.S. dollars","2010",255.517,,,"Working time arrangement coverage: Full-time workers | Working time concept: Hours actually worked | Currency: CHN - Yuan (CNY)","Geographical coverage: Urban areas only | Institutional sector coverage: Private sector only"
"China","ADM-EOR - Labour and Social Security Records","Average monthly earnings of employees by sex","Sex: Total","Currency: U.S. dollars","2009",222.001,,,"Working time arrangement coverage: Full-time workers | Working time concept: Hours actually worked | Currency: CHN - Yuan (CNY) | Break in series: Change in definition or concept","Geographical coverage: Urban areas only | Institutional sector coverage: Private sector only"
"China","ES - Employment and wages statistics based on enterprises' reports","Average monthly earnings of employees by sex","Sex: Total","Currency: U.S. dollars","2008",350.536,,,"Working time concept: Hours actually worked | Currency: CHN - Yuan (CNY)","Institutional sector coverage: Nonstandard institutional sector coverage | Reference group coverage: Employees"
"China","ES - Employment and wages statistics based on enterprises' reports","Average monthly earnings of employees by sex","Sex: Total","Currency: U.S. dollars","2007",273.107,,,"Working time concept: Hours actually worked | Currency: CHN - Yuan (CNY)","Institutional sector coverage: Nonstandard institutional sector coverage | Reference group coverage: Employees"
"China","ES - Employment and wages statistics based on enterprises' reports","Average monthly earnings of employees by sex","Sex: Total","Currency: U.S. dollars","2006",219.489,,,"Working time concept: Hours actually worked | Currency: CHN - Yuan (CNY)","Institutional sector coverage: Nonstandard institutional sector coverage | Reference group coverage: Employees"
"China","ES - Employment and wages statistics based on enterprises' reports","Average monthly earnings of employees by sex","Sex: Total","Currency: U.S. dollars","2005",186.755,,,"Working time concept: Hours actually worked | Currency: CHN - Yuan (CNY)","Institutional sector coverage: Nonstandard institutional sector coverage | Reference group coverage: Employees"
"China","ES - Employment and wages statistics based on enterprises' reports","Average monthly earnings of employees by sex","Sex: Total","Currency: U.S. dollars","2004",161.294,,,"Working time concept: Hours actually worked | Currency: CHN - Yuan (CNY)","Institutional sector coverage: Nonstandard institutional sector coverage | Reference group coverage: Employees"
"China","ES - Employment and wages statistics based on enterprises' reports","Average monthly earnings of employees by sex","Sex: Total","Currency: U.S. dollars","2003",141.355,,,"Working time concept: Hours actually worked | Currency: CHN - Yuan (CNY)","Institutional sector coverage: Nonstandard institutional sector coverage | Reference group coverage: Employees"
"China","ES - Employment and wages statistics based on enterprises' reports","Average monthly earnings of employees by sex","Sex: Total","Currency: U.S. dollars","2002",125.067,,,"Working time concept: Hours actually worked | Currency: CHN - Yuan (CNY)","Institutional sector coverage: Nonstandard institutional sector coverage | Reference group coverage: Employees"
"China","ES - Employment and wages statistics based on enterprises' reports","Average monthly earnings of employees by sex","Sex: Total","Currency: U.S. dollars","2001",109.439,,,"Working time concept: Hours actually worked | Currency: CHN - Yuan (CNY)","Institutional sector coverage: Nonstandard institutional sector coverage | Reference group coverage: Employees"
"China","ES - Employment and wages statistics based on enterprises' reports","Average monthly earnings of employees by sex","Sex: Total","Currency: U.S. dollars","2000",94.331,,,"Working time concept: Hours actually worked | Currency: CHN - Yuan (CNY)","Institutional sector coverage: Nonstandard institutional sector coverage | Reference group coverage: Employees"
"China","ES - Employment and wages statistics based on enterprises' reports","Average monthly earnings of employees by sex","Sex: Total","Currency: U.S. dollars","1999",84.015,,,"Working time concept: Hours actually worked | Currency: CHN - Yuan (CNY)","Institutional sector coverage: Nonstandard institutional sector coverage | Reference group coverage: Employees"
"Colombia","LFS - Integrated Household Survey","Average monthly earnings of employees by sex","Sex: Total","Currency: U.S. dollars","2023",398.583,,,"Currency: COL - Colombian peso (COP)","Repository: ILO-STATISTICS - Micro data processing"
"Colombia","LFS - Integrated Household Survey","Average monthly earnings of employees by sex","Sex: Total","Currency: U.S. dollars","2022",369.91,"Break in series",,"Currency: COL - Colombian peso (COP) | Break in series: Methodology revised","Repository: ILO-STATISTICS - Micro data processing"
"Colombia","LFS - Integrated Household Survey","Average monthly earnings of employees by sex","Sex: Total","Currency: U.S. dollars","2021",337.566,,,"Currency: COL - Colombian peso (COP)","Repository: ILO-STATISTICS - Micro data processing"
"Colombia","LFS - Integrated Household Survey","Average monthly earnings of employees by sex","Sex: Total","Currency: U.S. dollars","2019",376.852,,,"Currency: COL - Colombian peso (COP)","Repository: ILO-STATISTICS - Micro data processing"
"Colombia","LFS - Integrated Household Survey","Average monthly earnings of employees by sex","Sex: Total","Currency: U.S. dollars","2018",388.111,,,"Currency: COL - Colombian peso (COP)","Repository: ILO-STATISTICS - Micro data processing"
"Colombia","LFS - Integrated Household Survey","Average monthly earnings of employees by sex","Sex: Total","Currency: U.S. dollars","2017",369.03,,,"Currency: COL - Colombian peso (COP)","Repository: ILO-STATISTICS - Micro data processing"
"Colombia","LFS - Integrated Household Survey","Average monthly earnings of employees by sex","Sex: Total","Currency: U.S. dollars","2016",339.22,,,"Currency: COL - Colombian peso (COP)","Repository: ILO-STATISTICS - Micro data processing"
"Colombia","LFS - Integrated Household Survey","Average monthly earnings of employees by sex","Sex: Total","Currency: U.S. dollars","2015",356.458,,,"Currency: COL - Colombian peso (COP)","Repository: ILO-STATISTICS - Micro data processing"
"Colombia","LFS - Integrated Household Survey","Average monthly earnings of employees by sex","Sex: Total","Currency: U.S. dollars","2014",479.526,,,"Currency: COL - Colombian peso (COP)","Repository: ILO-STATISTICS - Micro data processing"
"Colombia","LFS - Integrated Household Survey","Average monthly earnings of employees by sex","Sex: Total","Currency: U.S. dollars","2013",495.019,,,"Currency: COL - Colombian peso (COP)","Repository: ILO-STATISTICS - Micro data processing"
"Colombia","LFS - Integrated Household Survey","Average monthly earnings of employees by sex","Sex: Total","Currency: U.S. dollars","2012",489.082,,,"Currency: COL - Colombian peso (COP)","Repository: ILO-STATISTICS - Micro data processing"
"Colombia","LFS - Integrated Household Survey","Average monthly earnings of employees by sex","Sex: Total","Currency: U.S. dollars","2011",452.396,,,"Currency: COL - Colombian peso (COP)","Repository: ILO-STATISTICS - Micro data processing"
"Colombia","LFS - Integrated Household Survey","Average monthly earnings of employees by sex","Sex: Total","Currency: U.S. dollars","2010",422.648,"Break in series",,"Currency: COL - Colombian peso (COP) | Break in series: Methodology revised","Repository: ILO-STATISTICS - Micro data processing"
"Colombia","LFS - Integrated Household Survey","Average monthly earnings of employees by sex","Sex: Total","Currency: U.S. dollars","2009",349.775,,,"Currency: COL - Colombian peso (COP)","Repository: ILO-STATISTICS - Micro data processing"
"Colombia","LFS - Integrated Household Survey","Average monthly earnings of employees by sex","Sex: Total","Currency: U.S. dollars","2008",392.235,,,"Currency: COL - Colombian peso (COP)","Repository: ILO-STATISTICS - Micro data processing"
"Colombia","LFS - Integrated Household Survey","Average monthly earnings of employees by sex","Sex: Total","Currency: U.S. dollars","2007",367.437,"Break in series",,"Currency: COL - Colombian peso (COP) | Break in series: Methodology revised","Repository: ILO-STATISTICS - Micro data processing"
"Colombia","HS - Continuous Household Survey","Average monthly earnings of employees by sex","Sex: Total","Currency: U.S. dollars","2005",242.378,,,"Currency: COL - Colombian peso (COP)","Repository: ILO-STATISTICS - Micro data processing"
"Colombia","HS - Continuous Household Survey","Average monthly earnings of employees by sex","Sex: Total","Currency: U.S. dollars","2004",195.186,,,"Currency: COL - Colombian peso (COP)","Repository: ILO-STATISTICS - Micro data processing"
"Colombia","HS - Continuous Household Survey","Average monthly earnings of employees by sex","Sex: Total","Currency: U.S. dollars","2003",162.654,,,"Currency: COL - Colombian peso (COP)","Repository: ILO-STATISTICS - Micro data processing"
"Colombia","HS - Continuous Household Survey","Average monthly earnings of employees by sex","Sex: Total","Currency: U.S. dollars","2002",177.342,,,"Currency: COL - Colombian peso (COP)","Repository: ILO-STATISTICS - Micro data processing"
"Colombia","LFS - Integrated Household Survey","Average monthly earnings of employees by sex","Sex: Total","Currency: U.S. dollars","1999",292.222,,,"Working time concept: Hours actually worked | Currency: COL - Colombian peso (COP)","Data reference period: September | Geographical coverage: Main cities or metropolitan areas | Reference group coverage: Employees"
"Germany","HIES - EU Statistics on Income and Living Conditions","Average monthly earnings of employees by sex","Sex: Total","Currency: U.S. dollars","2022",4647.227,,,"Currency: DEU - Euro (EUR)","Repository: ILO-STATISTICS - Micro data processing | Age coverage - minimum age: 16 years old"
"Germany","HIES - EU Statistics on Income and Living Conditions","Average monthly earnings of employees by sex","Sex: Total","Currency: U.S. dollars","2021",5111.275,,,"Currency: DEU - Euro (EUR)","Repository: ILO-STATISTICS - Micro data processing | Age coverage - minimum age: 16 years old"
"Germany","HIES - EU Statistics on Income and Living Conditions","Average monthly earnings of employees by sex","Sex: Total","Currency: U.S. dollars","2020",5189.621,,,"Currency: DEU - Euro (EUR)","Repository: ILO-STATISTICS - Micro data processing | Age coverage - minimum age: 16 years old"
"Germany","HIES - EU Statistics on Income and Living Conditions","Average monthly earnings of employees by sex","Sex: Total","Currency: U.S. dollars","2019",3442.001,,,"Currency: DEU - Euro (EUR)","Repository: ILO-STATISTICS - Micro data processing | Age coverage - minimum age: 16 years old"
"Germany","HIES - EU Statistics on Income and Living Conditions","Average monthly earnings of employees by sex","Sex: Total","Currency: U.S. dollars","2018",3474.017,,,"Currency: DEU - Euro (EUR)","Repository: ILO-STATISTICS - Micro data processing | Age coverage - minimum age: 16 years old"
"Germany","HIES - EU Statistics on Income and Living Conditions","Average monthly earnings of employees by sex","Sex: Total","Currency: U.S. dollars","2017",3219.975,,,"Currency: DEU - Euro (EUR)","Repository: ILO-STATISTICS - Micro data processing | Age coverage - minimum age: 16 years old"
"Germany","HIES - EU Statistics on Income and Living Conditions","Average monthly earnings of employees by sex","Sex: Total","Currency: U.S. dollars","2016",3110.228,,,"Currency: DEU - Euro (EUR)","Repository: ILO-STATISTICS - Micro data processing | Age coverage - minimum age: 16 years old"
"Germany","HIES - EU Statistics on Income and Living Conditions","Average monthly earnings of employees by sex","Sex: Total","Currency: U.S. dollars","2015",3082.422,,,"Currency: DEU - Euro (EUR)","Repository: ILO-STATISTICS - Micro data processing | Age coverage - minimum age: 16 years old"
"Germany","HIES - EU Statistics on Income and Living Conditions","Average monthly earnings of employees by sex","Sex: Total","Currency: U.S. dollars","2014",3554.641,,,"Currency: DEU - Euro (EUR)","Repository: ILO-STATISTICS - Micro data processing | Age coverage - minimum age: 16 years old"
"Germany","HIES - EU Statistics on Income and Living Conditions","Average monthly earnings of employees by sex","Sex: Total","Currency: U.S. dollars","2013",3498.039,,,"Currency: DEU - Euro (EUR)","Repository: ILO-STATISTICS - Micro data processing | Age coverage - minimum age: 16 years old"
"Germany","HIES - EU Statistics on Income and Living Conditions","Average monthly earnings of employees by sex","Sex: Total","Currency: U.S. dollars","2012",3285.797,,,"Currency: DEU - Euro (EUR)","Repository: ILO-STATISTICS - Micro data processing | Age coverage - minimum age: 16 years old"
"Germany","HIES - EU Statistics on Income and Living Conditions","Average monthly earnings of employees by sex","Sex: Total","Currency: U.S. dollars","2011",3461.011,,,"Currency: DEU - Euro (EUR)","Repository: ILO-STATISTICS - Micro data processing | Age coverage - minimum age: 16 years old"
"Germany","HIES - EU Statistics on Income and Living Conditions","Average monthly earnings of employees by sex","Sex: Total","Currency: U.S. dollars","2010",3248.239,,,"Currency: DEU - Euro (EUR)","Repository: ILO-STATISTICS - Micro data processing | Age coverage - minimum age: 16 years old"
"Germany","HIES - EU Statistics on Income and Living Conditions","Average monthly earnings of employees by sex","Sex: Total","Currency: U.S. dollars","2009",3440.556,,,"Currency: DEU - Euro (EUR)","Repository: ILO-STATISTICS - Micro data processing | Age coverage - minimum age: 16 years old"
"Germany","HIES - EU Statistics on Income and Living Conditions","Average monthly earnings of employees by sex","Sex: Total","Currency: U.S. dollars","2008",3538.51,,,"Currency: DEU - Euro (EUR)","Repository: ILO-STATISTICS - Micro data processing | Age coverage - minimum age: 16 years old"
"Germany","HIES - EU Statistics on Income and Living Conditions","Average monthly earnings of employees by sex","Sex: Total","Currency: U.S. dollars","2007",3238.953,,,"Currency: DEU - Euro (EUR)","Repository: ILO-STATISTICS - Micro data processing | Age coverage - minimum age: 16 years old"
"Germany","HIES - EU Statistics on Income and Living Conditions","Average monthly earnings of employees by sex","Sex: Total","Currency: U.S. dollars","2006",2617.514,,,"Currency: DEU - Euro (EUR)","Repository: ILO-STATISTICS - Micro data processing | Age coverage - minimum age: 16 years old"
"Germany","HIES - EU Statistics on Income and Living Conditions","Average monthly earnings of employees by sex","Sex: Total","Currency: U.S. dollars","2005",3189.069,,,"Currency: DEU - Euro (EUR)","Repository: ILO-STATISTICS - Micro data processing | Age coverage - minimum age: 16 years old"
"Germany","ES - Structure of Earnings Survey","Average monthly earnings of employees by sex","Sex: Total","Currency: U.S. dollars","2002",2473.64,,,"Currency: DEU - Euro (EUR)","Repository: Eurostat | Data reference period: October | Economic activity coverage: Excluding agriculture and non-market services | Economic activity coverage: Excluding agriculture, hunting, forestry and fishing"
"France","HIES - EU Statistics on Income and Living Conditions","Average monthly earnings of employees by sex","Sex: Total","Currency: U.S. dollars","2022",4168.079,,,"Currency: FRA - Euro (EUR)","Repository: ILO-STATISTICS - Micro data processing | Age coverage - minimum age: 16 years old"
"France","HIES - EU Statistics on Income and Living Conditions","Average monthly earnings of employees by sex","Sex: Total","Currency: U.S. dollars","2021",4561.813,,,"Currency: FRA - Euro (EUR)","Repository: ILO-STATISTICS - Micro data processing | Age coverage - minimum age: 16 years old"
"France","LFS - Employment Survey","Average monthly earnings of employees by sex","Sex: Total","Currency: U.S. dollars","2020",2302.154,,,"Currency: FRA - Euro (EUR)","Repository: ILO-STATISTICS - Micro data processing"
"France","LFS - Employment Survey","Average monthly earnings of employees by sex","Sex: Total","Currency: U.S. dollars","2019",2223.595,,,"Currency: FRA - Euro (EUR)","Repository: ILO-STATISTICS - Micro data processing"
"France","LFS - Employment Survey","Average monthly earnings of employees by sex","Sex: Total","Currency: U.S. dollars","2018",2281.193,,,"Currency: FRA - Euro (EUR)","Repository: ILO-STATISTICS - Micro data processing"
"France","LFS - Employment Survey","Average monthly earnings of employees by sex","Sex: Total","Currency: U.S. dollars","2017",2134.209,,,"Currency: FRA - Euro (EUR)","Repository: ILO-STATISTICS - Micro data processing"
"France","LFS - Employment Survey","Average monthly earnings of employees by sex","Sex: Total","Currency: U.S. dollars","2016",2066.538,,,"Currency: FRA - Euro (EUR)","Repository: ILO-STATISTICS - Micro data processing"
"France","LFS - Employment Survey","Average monthly earnings of employees by sex","Sex: Total","Currency: U.S. dollars","2015",2053.855,,,"Currency: FRA - Euro (EUR)","Repository: ILO-STATISTICS - Micro data processing"
"France","LFS - Employment Survey","Average monthly earnings of employees by sex","Sex: Total","Currency: U.S. dollars","2014",2449.14,,,"Currency: FRA - Euro (EUR)","Repository: ILO-STATISTICS - Micro data processing"
"France","LFS - Employment Survey","Average monthly earnings of employees by sex","Sex: Total","Currency: U.S. dollars","2013",2425.596,,,"Currency: FRA - Euro (EUR)","Repository: ILO-STATISTICS - Micro data processing"
"France","LFS - Employment Survey","Average monthly earnings of employees by sex","Sex: Total","Currency: U.S. dollars","2012",2337.201,,,"Currency: FRA - Euro (EUR)","Repository: ILO-STATISTICS - Micro data processing"
"France","LFS - Employment Survey","Average monthly earnings of employees by sex","Sex: Total","Currency: U.S. dollars","2011",2483.861,,,"Currency: FRA - Euro (EUR)","Repository: ILO-STATISTICS - Micro data processing"
"France","LFS - Employment Survey","Average monthly earnings of employees by sex","Sex: Total","Currency: U.S. dollars","2010",2305.357,,,"Currency: FRA - Euro (EUR)","Repository: ILO-STATISTICS - Micro data processing"
"France","LFS - Employment Survey","Average monthly earnings of employees by sex","Sex: Total","Currency: U.S. dollars","2009",2395.175,,,"Currency: FRA - Euro (EUR)","Repository: ILO-STATISTICS - Micro data processing"
"France","LFS - Employment Survey","Average monthly earnings of employees by sex","Sex: Total","Currency: U.S. dollars","2008",2466.447,,,"Currency: FRA - Euro (EUR)","Repository: ILO-STATISTICS - Micro data processing"
"France","LFS - Employment Survey","Average monthly earnings of employees by sex","Sex: Total","Currency: U.S. dollars","2007",2239.297,,,"Currency: FRA - Euro (EUR)","Repository: ILO-STATISTICS - Micro data processing"
"France","LFS - Employment Survey","Average monthly earnings of employees by sex","Sex: Total","Currency: U.S. dollars","2006",1999.764,,,"Currency: FRA - Euro (EUR)","Repository: ILO-STATISTICS - Micro data processing"
"France","LFS - Employment Survey","Average monthly earnings of employees by sex","Sex: Total","Currency: U.S. dollars","2005",1937.563,"Break in series",,"Currency: FRA - Euro (EUR) | Break in series: Methodology revised","Repository: ILO-STATISTICS - Micro data processing"
"France","HIES - EU Statistics on Income and Living Conditions","Average monthly earnings of employees by sex","Sex: Total","Currency: U.S. dollars","2004",2478.757,,,"Currency: FRA - Euro (EUR)","Repository: ILO-STATISTICS - Micro data processing | Age coverage - minimum age: 16 years old"
"France","ES - Labour cost and Structure of Earnings annual Survey","Average monthly earnings of employees by sex","Sex: Total","Currency: U.S. dollars","2002",2083.855,,,"Currency: FRA - Euro (EUR)","Repository: Eurostat | Data reference period: October | Economic activity coverage: Excluding agriculture and non-market services | Economic activity coverage: Excluding agriculture, hunting, forestry and fishing | Establishment size coverage: All establishments with at least 10 employees"
"France","LFS - Employment Survey","Average monthly earnings of employees by sex","Sex: Total","Currency: U.S. dollars","2001",1284.96,,,"Working time concept: Hours actually worked | Currency: FRA - Euro (EUR)","Reference group coverage: Employees"
"France","LFS - Employment Survey","Average monthly earnings of employees by sex","Sex: Total","Currency: U.S. dollars","2000",1289.64,,,"Working time concept: Hours actually worked | Currency: FRA - Euro (EUR)","Reference group coverage: Employees"
"France","LFS - Employment Survey","Average monthly earnings of employees by sex","Sex: Total","Currency: U.S. dollars","1999",1456.81,,,"Working time concept: Hours actually worked | Currency: FRA - Euro (EUR)","Reference group coverage: Employees"
"India","LFS - Periodic Labour Force Survey","Average monthly earnings of employees by sex","Sex: Total","Currency: U.S. dollars","2023",239.512,,,"Currency: IND - Indian rupee (INR)","Repository: ILO-STATISTICS - Micro data processing"
"India","LFS - Periodic Labour Force Survey","Average monthly earnings of employees by sex","Sex: Total","Currency: U.S. dollars","2022",239.165,,,"Currency: IND - Indian rupee (INR)","Repository: ILO-STATISTICS - Micro data processing"
"India","LFS - Periodic Labour Force Survey","Average monthly earnings of employees by sex","Sex: Total","Currency: U.S. dollars","2021",237.873,,,"Currency: IND - Indian rupee (INR)","Repository: ILO-STATISTICS - Micro data processing"
"India","LFS - Periodic Labour Force Survey","Average monthly earnings of employees by sex","Sex: Total","Currency: U.S. dollars","2020",229.921,,,"Currency: IND - Indian rupee (INR)","Repository: ILO-STATISTICS - Micro data processing"
"India","LFS - Periodic Labour Force Survey","Average monthly earnings of employees by sex","Sex: Total","Currency: U.S. dollars","2019",224.358,,,"Currency: IND - Indian rupee (INR)","Repository: ILO-STATISTICS - Micro data processing"
"India","LFS - Periodic Labour Force Survey","Average monthly earnings of employees by sex","Sex: Total","Currency: U.S. dollars","2018",229.26,,,"Currency: IND - Indian rupee (INR)","Repository: ILO-STATISTICS - Micro data processing"
"India","HS - National Sample Survey","Average monthly earnings of employees by sex","Sex: Total","Currency: U.S. dollars","2012",222.89,,,"Currency: IND - Indian rupee (INR)","Repository: ILO-STATISTICS - Micro data processing"
"India","HS - National Sample Survey","Average monthly earnings of employees by sex","Sex: Total","Currency: U.S. dollars","2010",209.628,,,"Currency: IND - Indian rupee (INR)","Repository: ILO-STATISTICS - Micro data processing"
"India","HS - National Sample Survey","Average monthly earnings of employees by sex","Sex: Total","Currency: U.S. dollars","2005",116.138,,,"Currency: IND - Indian rupee (INR)","Repository: ILO-STATISTICS - Micro data processing | Data reference period: Noncalendar year"
"Italy","HIES - EU Statistics on Income and Living Conditions","Average monthly earnings of employees by sex","Sex: Total","Currency: U.S. dollars","2022",3281.508,,,"Currency: ITA - Euro (EUR)","Repository: ILO-STATISTICS - Micro data processing | Age coverage - minimum age: 16 years old"
"Italy","HIES - EU Statistics on Income and Living Conditions","Average monthly earnings of employees by sex","Sex: Total","Currency: U.S. dollars","2021",3640.274,,,"Currency: ITA - Euro (EUR)","Repository: ILO-STATISTICS - Micro data processing | Age coverage - minimum age: 16 years old"
"Italy","LFS - Labour Force Survey","Average monthly earnings of employees by sex","Sex: Total","Currency: U.S. dollars","2020",1559.653,,,"Currency: ITA - Euro (EUR)","Repository: ILO-STATISTICS - Micro data processing"
"Italy","LFS - Labour Force Survey","Average monthly earnings of employees by sex","Sex: Total","Currency: U.S. dollars","2019",1516.856,,,"Currency: ITA - Euro (EUR)","Repository: ILO-STATISTICS - Micro data processing"
"Italy","LFS - Labour Force Survey","Average monthly earnings of employees by sex","Sex: Total","Currency: U.S. dollars","2018",1580.631,,,"Currency: ITA - Euro (EUR)","Repository: ILO-STATISTICS - Micro data processing"
"Italy","LFS - Labour Force Survey","Average monthly earnings of employees by sex","Sex: Total","Currency: U.S. dollars","2017",1497.803,,,"Currency: ITA - Euro (EUR)","Repository: ILO-STATISTICS - Micro data processing"
"Italy","LFS - Labour Force Survey","Average monthly earnings of employees by sex","Sex: Total","Currency: U.S. dollars","2016",1460.269,,,"Currency: ITA - Euro (EUR)","Repository: ILO-STATISTICS - Micro data processing"
"Italy","LFS - Labour Force Survey","Average monthly earnings of employees by sex","Sex: Total","Currency: U.S. dollars","2015",1450.787,,,"Currency: ITA - Euro (EUR)","Repository: ILO-STATISTICS - Micro data processing"
"Italy","LFS - Labour Force Survey","Average monthly earnings of employees by sex","Sex: Total","Currency: U.S. dollars","2014",1708.812,,,"Currency: ITA - Euro (EUR)","Repository: ILO-STATISTICS - Micro data processing"
"Italy","LFS - Labour Force Survey","Average monthly earnings of employees by sex","Sex: Total","Currency: U.S. dollars","2013",1679.491,,,"Currency: ITA - Euro (EUR)","Repository: ILO-STATISTICS - Micro data processing"
"Italy","LFS - Labour Force Survey","Average monthly earnings of employees by sex","Sex: Total","Currency: U.S. dollars","2012",1616.914,,,"Currency: ITA - Euro (EUR)","Repository: ILO-STATISTICS - Micro data processing"
"Italy","LFS - Labour Force Survey","Average monthly earnings of employees by sex","Sex: Total","Currency: U.S. dollars","2011",1752.245,,,"Currency: ITA - Euro (EUR)","Repository: ILO-STATISTICS - Micro data processing"
"Italy","LFS - Labour Force Survey","Average monthly earnings of employees by sex","Sex: Total","Currency: U.S. dollars","2010",1653.359,,,"Currency: ITA - Euro (EUR)","Repository: ILO-STATISTICS - Micro data processing"
"Italy","LFS - Labour Force Survey","Average monthly earnings of employees by sex","Sex: Total","Currency: U.S. dollars","2009",1710.462,,,"Currency: ITA - Euro (EUR)","Repository: ILO-STATISTICS - Micro data processing"
"Italy","LFS - Labour Force Survey","Average monthly earnings of employees by sex","Sex: Total","Currency: U.S. dollars","2008",1779.88,"Break in series",,"Currency: ITA - Euro (EUR) | Break in series: Methodology revised","Repository: ILO-STATISTICS - Micro data processing"
"Italy","HIES - EU Statistics on Income and Living Conditions","Average monthly earnings of employees by sex","Sex: Total","Currency: U.S. dollars","2007",3734.604,,,"Currency: ITA - Euro (EUR)","Repository: ILO-STATISTICS - Micro data processing | Age coverage - minimum age: 16 years old"
"Italy","ES - Structure of Earnings Survey","Average monthly earnings of employees by sex","Sex: Total","Currency: U.S. dollars","2006",2635.502,,,"Currency: ITA - Euro (EUR)","Repository: Eurostat | Data reference period: October | Economic activity coverage: Excluding public administration, and activities of households as employers and of extraterritorial organisations and bodies | Economic activity coverage: Excluding agriculture, hunting, forestry and fishing | Establishment size coverage: All establishments with at least 10 employees"
"Italy","ES - Structure of Earnings Survey","Average monthly earnings of employees by sex","Sex: Total","Currency: U.S. dollars","2002",1777.792,,,"Currency: ITA - Euro (EUR)","Repository: Eurostat | Data reference period: October | Economic activity coverage: Excluding agriculture and non-market services | Economic activity coverage: Excluding agriculture, hunting, forestry and fishing | Establishment size coverage: All establishments with at least 10 employees"
"Japan","ES - Wage Structure Survey","Average monthly earnings of employees by sex","Sex: Total","Currency: U.S. dollars","2021",2800.801,,,"Central tendency measure: Weighted mean | Working time arrangement coverage: Full-time workers | Currency: JPN - Yen (JPY)","Data reference period: June | Geographical coverage: Total national, excluding some areas | Establishment size coverage: All establishments with at least 5 employees"
"Japan","ES - Wage Structure Survey","Average monthly earnings of employees by sex","Sex: Total","Currency: U.S. dollars","2020",2881.772,,,"Central tendency measure: Weighted mean | Working time arrangement coverage: Full-time workers | Currency: JPN - Yen (JPY)","Data reference period: June | Geographical coverage: Total national, excluding some areas | Establishment size coverage: All establishments with at least 5 employees"
"Japan","ES - Wage Structure Survey","Average monthly earnings of employees by sex","Sex: Total","Currency: U.S. dollars","2019",2807.09,,,"Central tendency measure: Weighted mean | Working time arrangement coverage: Full-time workers | Currency: JPN - Yen (JPY)","Data reference period: June | Geographical coverage: Total national, excluding some areas | Establishment size coverage: All establishments with at least 5 employees"
"Japan","ES - Wage Structure Survey","Average monthly earnings of employees by sex","Sex: Total","Currency: U.S. dollars","2018",2764.818,,,"Central tendency measure: Weighted mean | Working time arrangement coverage: Full-time workers | Currency: JPN - Yen (JPY)","Data reference period: June | Geographical coverage: Total national, excluding some areas | Establishment size coverage: All establishments with at least 5 employees"
"Japan","ES - Wage Structure Survey","Average monthly earnings of employees by sex","Sex: Total","Currency: U.S. dollars","2017",2708.482,,,"Central tendency measure: Weighted mean | Working time arrangement coverage: Full-time workers | Currency: JPN - Yen (JPY)","Data reference period: June | Geographical coverage: Total national, excluding some areas | Establishment size coverage: All establishments with at least 5 employees"
"Japan","ES - Wage Structure Survey","Average monthly earnings of employees by sex","Sex: Total","Currency: U.S. dollars","2016",2790.623,,,"Central tendency measure: Weighted mean | Working time arrangement coverage: Full-time workers | Currency: JPN - Yen (JPY)","Data reference period: June | Geographical coverage: Total national, excluding some areas | Establishment size coverage: All establishments with at least 5 employees"
"Japan","ES - Wage Structure Survey","Average monthly earnings of employees by sex","Sex: Total","Currency: U.S. dollars","2015",2507.352,,,"Central tendency measure: Weighted mean | Working time arrangement coverage: Full-time workers | Currency: JPN - Yen (JPY)","Data reference period: June | Geographical coverage: Total national, excluding some areas | Establishment size coverage: All establishments with at least 5 employees"
"Japan","ES - Wage Structure Survey","Average monthly earnings of employees by sex","Sex: Total","Currency: U.S. dollars","2014",2827.888,,,"Central tendency measure: Weighted mean | Working time arrangement coverage: Full-time workers | Currency: JPN - Yen (JPY)","Data reference period: June | Geographical coverage: Total national, excluding some areas | Establishment size coverage: All establishments with at least 5 employees"
"Japan","ES - Wage Structure Survey","Average monthly earnings of employees by sex","Sex: Total","Currency: U.S. dollars","2013",3029.848,,,"Central tendency measure: Weighted mean | Working time arrangement coverage: Full-time workers | Working time concept: Hours actually worked | Currency: JPN - Yen (JPY)","Data reference period: June | Geographical coverage: Total national, excluding some areas | Establishment size coverage: All establishments with at least 5 employees"
"Japan","ES - Wage Structure Survey","Average monthly earnings of employees by sex","Sex: Total","Currency: U.S. dollars","2012",3731.023,,,"Central tendency measure: Weighted mean | Working time arrangement coverage: Full-time workers | Working time concept: Hours actually worked | Currency: JPN - Yen (JPY)","Data reference period: June | Geographical coverage: Total national, excluding some areas | Establishment size coverage: All establishments with at least 5 employees"
"Japan","ES - Wage Structure Survey","Average monthly earnings of employees by sex","Sex: Total","Currency: U.S. dollars","2011",3718.971,,,"Central tendency measure: Weighted mean | Working time arrangement coverage: Full-time workers | Working time concept: Hours actually worked | Currency: JPN - Yen (JPY)","Data reference period: June | Geographical coverage: Total national, excluding some areas | Establishment size coverage: All establishments with at least 5 employees"
"Japan","ES - Wage Structure Survey","Average monthly earnings of employees by sex","Sex: Total","Currency: U.S. dollars","2010",3374.35,,,"Central tendency measure: Weighted mean | Working time arrangement coverage: Full-time workers | Working time concept: Hours actually worked | Currency: JPN - Yen (JPY)","Data reference period: June | Geographical coverage: Total national, excluding some areas | Establishment size coverage: All establishments with at least 5 employees"
"Japan","ES - Wage Structure Survey","Average monthly earnings of employees by sex","Sex: Total","Currency: U.S. dollars","2009",3147.373,,,"Central tendency measure: Weighted mean | Working time arrangement coverage: Full-time workers | Working time concept: Hours actually worked | Currency: JPN - Yen (JPY)","Data reference period: June | Geographical coverage: Total national, excluding some areas | Establishment size coverage: All establishments with at least 5 employees"
"Republic of Korea","ES - Survey on labor conditions by employment type","Average monthly earnings of employees by sex","Sex: Total","Currency: U.S. dollars","2022",3167.765,,,"Working time arrangement coverage: Full-time and part time workers | Currency: KOR - South Korean won (KRW)","Data reference period: June | Institutional sector coverage: Private sector only | Economic activity coverage: Excluding public administration | Reference group coverage: Employees | Establishment size coverage: All establishments with at least 5 employees"
"Republic of Korea","ES - Survey on labor conditions by employment type","Average monthly earnings of employees by sex","Sex: Total","Currency: U.S. dollars","2021",3372.52,,,"Working time arrangement coverage: Full-time and part time workers | Currency: KOR - South Korean won (KRW)","Data reference period: June | Institutional sector coverage: Private sector only | Economic activity coverage: Excluding public administration | Reference group coverage: Employees | Establishment size coverage: All establishments with at least 5 employees"
"Republic of Korea","ES - Survey on labor conditions by employment type","Average monthly earnings of employees by sex","Sex: Total","Currency: U.S. dollars","2020",3183.181,,,"Working time arrangement coverage: Full-time and part time workers | Currency: KOR - South Korean won (KRW)","Data reference period: June | Institutional sector coverage: Private sector only | Economic activity coverage: Excluding public administration | Reference group coverage: Employees | Establishment size coverage: All establishments with at least 5 employees"
"Republic of Korea","ES - Survey on labor conditions by employment type","Average monthly earnings of employees by sex","Sex: Total","Currency: U.S. dollars","2019",3192.154,,,"Working time arrangement coverage: Full-time and part time workers | Currency: KOR - South Korean won (KRW)","Data reference period: June | Institutional sector coverage: Private sector only | Economic activity coverage: Excluding public administration | Reference group coverage: Employees | Establishment size coverage: All establishments with at least 5 employees"
"Republic of Korea","ES - Survey on labor conditions by employment type","Average monthly earnings of employees by sex","Sex: Total","Currency: U.S. dollars","2018",3265.879,,,"Working time arrangement coverage: Full-time and part time workers | Currency: KOR - South Korean won (KRW)","Data reference period: June | Institutional sector coverage: Private sector only | Economic activity coverage: Excluding public administration | Reference group coverage: Employees | Establishment size coverage: All establishments with at least 5 employees"
"Republic of Korea","ES - Survey on labor conditions by employment type","Average monthly earnings of employees by sex","Sex: Total","Currency: U.S. dollars","2017",3046.859,,,"Working time arrangement coverage: Full-time and part time workers | Currency: KOR - South Korean won (KRW)","Data reference period: June | Institutional sector coverage: Private sector only | Economic activity coverage: Excluding public administration | Reference group coverage: Employees | Establishment size coverage: All establishments with at least 5 employees"
"Republic of Korea","ES - Survey on labor conditions by employment type","Average monthly earnings of employees by sex","Sex: Total","Currency: U.S. dollars","2016",2886.883,,,"Working time arrangement coverage: Full-time and part time workers | Currency: KOR - South Korean won (KRW)","Data reference period: June | Institutional sector coverage: Private sector only | Economic activity coverage: Excluding public administration | Reference group coverage: Employees | Establishment size coverage: All establishments with at least 5 employees"
"Republic of Korea","ES - Survey on labor conditions by employment type","Average monthly earnings of employees by sex","Sex: Total","Currency: U.S. dollars","2015",2890.484,,,"Working time arrangement coverage: Full-time and part time workers | Currency: KOR - South Korean won (KRW)","Data reference period: June | Institutional sector coverage: Private sector only | Economic activity coverage: Excluding public administration | Reference group coverage: Employees | Establishment size coverage: All establishments with at least 5 employees"
"Republic of Korea","ES - Survey on labor conditions by employment type","Average monthly earnings of employees by sex","Sex: Total","Currency: U.S. dollars","2014",3072.841,,,"Working time arrangement coverage: Full-time and part time workers | Currency: KOR - South Korean won (KRW)","Data reference period: June | Institutional sector coverage: Private sector only | Economic activity coverage: Excluding public administration | Reference group coverage: Employees | Establishment size coverage: All establishments with at least 5 employees"
"Republic of Korea","ES - Survey on labor conditions by employment type","Average monthly earnings of employees by sex","Sex: Total","Currency: U.S. dollars","2013",2846.073,,,"Working time arrangement coverage: Full-time and part time workers | Currency: KOR - South Korean won (KRW)","Data reference period: June | Institutional sector coverage: Private sector only | Economic activity coverage: Excluding public administration | Reference group coverage: Employees | Establishment size coverage: All establishments with at least 5 employees"
"Republic of Korea","ES - Survey on labor conditions by employment type","Average monthly earnings of employees by sex","Sex: Total","Currency: U.S. dollars","2012",2660.101,,,"Working time arrangement coverage: Full-time and part time workers | Currency: KOR - South Korean won (KRW)","Data reference period: June | Institutional sector coverage: Private sector only | Economic activity coverage: Excluding public administration | Reference group coverage: Employees | Establishment size coverage: All establishments with at least 5 employees"
"Republic of Korea","ES - Survey on labor conditions by employment type","Average monthly earnings of employees by sex","Sex: Total","Currency: U.S. dollars","2011",2630.962,,,"Job coverage: Main job currently held | Working time arrangement coverage: Full-time and part time workers | Currency: KOR - South Korean won (KRW)","Data reference period: June | Institutional sector coverage: Private sector only | Economic activity coverage: Excluding public administration | Reference group coverage: Employees | Establishment size coverage: All establishments with at least 5 employees"
"Republic of Korea","ES - Survey on labor conditions by employment type","Average monthly earnings of employees by sex","Sex: Total","Currency: U.S. dollars","2010",2408.237,,,"Job coverage: Main job currently held | Working time arrangement coverage: Full-time and part time workers | Currency: KOR - South Korean won (KRW)","Data reference period: June | Institutional sector coverage: Private sector only | Economic activity coverage: Excluding public administration | Reference group coverage: Employees | Establishment size coverage: All establishments with at least 5 employees"
"Republic of Korea","ES - Survey on labor conditions by employment type","Average monthly earnings of employees by sex","Sex: Total","Currency: U.S. dollars","2009",2122.035,,,"Job coverage: Main job currently held | Working time arrangement coverage: Full-time and part time workers | Currency: KOR - South Korean won (KRW)","Data reference period: June | Institutional sector coverage: Private sector only | Economic activity coverage: Excluding public administration | Reference group coverage: Employees | Establishment size coverage: All establishments with at least 5 employees"
"Mexico","LFS - National Occupation and Employment Survey","Average monthly earnings of employees by sex","Sex: Total","Currency: U.S. dollars","2023",502.361,,,"Currency: MEX - New Peso (MXN)","Repository: ILO-STATISTICS - Micro data processing"
"Mexico","LFS - National Occupation and Employment Survey","Average monthly earnings of employees by sex","Sex: Total","Currency: U.S. dollars","2022",400.467,,,"Currency: MEX - New Peso (MXN)","Repository: ILO-STATISTICS - Micro data processing"
"Mexico","LFS - National Occupation and Employment Survey","Average monthly earnings of employees by sex","Sex: Total","Currency: U.S. dollars","2021",369.917,,,"Currency: MEX - New Peso (MXN)","Repository: ILO-STATISTICS - Micro data processing"
"Mexico","LFS - National Occupation and Employment Survey","Average monthly earnings of employees by sex","Sex: Total","Currency: U.S. dollars","2020",328.063,"Break in series",,"Currency: MEX - New Peso (MXN) | Break in series: Methodology revised","Repository: ILO-STATISTICS - Micro data processing"
"Mexico","LFS - National Occupation and Employment Survey","Average monthly earnings of employees by sex","Sex: Total","Currency: U.S. dollars","2019",343.714,,,"Currency: MEX - New Peso (MXN)","Repository: ILO-STATISTICS - Micro data processing"
"Mexico","LFS - National Occupation and Employment Survey","Average monthly earnings of employees by sex","Sex: Total","Currency: U.S. dollars","2018",328.44,,,"Currency: MEX - New Peso (MXN)","Repository: ILO-STATISTICS - Micro data processing"
"Mexico","LFS - National Occupation and Employment Survey","Average monthly earnings of employees by sex","Sex: Total","Currency: U.S. dollars","2017",317.866,,,"Currency: MEX - New Peso (MXN)","Repository: ILO-STATISTICS - Micro data processing"
"Mexico","LFS - National Occupation and Employment Survey","Average monthly earnings of employees by sex","Sex: Total","Currency: U.S. dollars","2016",310.587,,,"Currency: MEX - New Peso (MXN)","Repository: ILO-STATISTICS - Micro data processing"
"Mexico","LFS - National Occupation and Employment Survey","Average monthly earnings of employees by sex","Sex: Total","Currency: U.S. dollars","2015",350.079,,,"Currency: MEX - New Peso (MXN)","Repository: ILO-STATISTICS - Micro data processing"
"Mexico","LFS - National Occupation and Employment Survey","Average monthly earnings of employees by sex","Sex: Total","Currency: U.S. dollars","2014",402.717,,,"Currency: MEX - New Peso (MXN)","Repository: ILO-STATISTICS - Micro data processing"
"Mexico","LFS - National Occupation and Employment Survey","Average monthly earnings of employees by sex","Sex: Total","Currency: U.S. dollars","2013",416.161,,,"Currency: MEX - New Peso (MXN)","Repository: ILO-STATISTICS - Micro data processing"
"Mexico","LFS - National Occupation and Employment Survey","Average monthly earnings of employees by sex","Sex: Total","Currency: U.S. dollars","2012",391.435,,,"Currency: MEX - New Peso (MXN)","Repository: ILO-STATISTICS - Micro data processing"
"Mexico","LFS - National Occupation and Employment Survey","Average monthly earnings of employees by sex","Sex: Total","Currency: U.S. dollars","2011",402.737,,,"Currency: MEX - New Peso (MXN)","Repository: ILO-STATISTICS - Micro data processing"
"Mexico","LFS - National Occupation and Employment Survey","Average monthly earnings of employees by sex","Sex: Total","Currency: U.S. dollars","2010",389.22,,,"Currency: MEX - New Peso (MXN)","Repository: ILO-STATISTICS - Micro data processing"
"Mexico","LFS - National Occupation and Employment Survey","Average monthly earnings of employees by sex","Sex: Total","Currency: U.S. dollars","2009",359.601,,,"Currency: MEX - New Peso (MXN)","Repository: ILO-STATISTICS - Micro data processing"
"Mexico","LFS - National Occupation and Employment Survey","Average monthly earnings of employees by sex","Sex: Total","Currency: U.S. dollars","2008",435.691,,,"Currency: MEX - New Peso (MXN)","Repository: ILO-STATISTICS - Micro data processing"
"Mexico","LFS - National Occupation and Employment Survey","Average monthly earnings of employees by sex","Sex: Total","Currency: U.S. dollars","2007",432.523,"Break in series",,"Currency: MEX - New Peso (MXN) | Break in series: Methodology revised","Repository: ILO-STATISTICS - Micro data processing"
"Mexico","LFS - National Occupation and Employment Survey","Average monthly earnings of employees by sex","Sex: Total","Currency: U.S. dollars","2006",414,,,"Currency: MEX - New Peso (MXN)","Repository: ILO-STATISTICS - Micro data processing"
"Mexico","LFS - National Occupation and Employment Survey","Average monthly earnings of employees by sex","Sex: Total","Currency: U.S. dollars","2005",388.427,"Break in series",,"Currency: MEX - New Peso (MXN) | Break in series: Methodology revised","Repository: ILO-STATISTICS - Micro data processing"
"Mexico","LFS - National Occupation and Employment Survey","Average monthly earnings of employees by sex","Sex: Total","Currency: U.S. dollars","2004",355.625,,,"Currency: MEX - New Peso (MXN)","Repository: ILO-STATISTICS - Micro data processing"
"Mexico","LFS - National Occupation and Employment Survey","Average monthly earnings of employees by sex","Sex: Total","Currency: U.S. dollars","2003",357.728,,,"Currency: MEX - New Peso (MXN)","Repository: ILO-STATISTICS - Micro data processing"
"Mexico","LFS - National Occupation and Employment Survey","Average monthly earnings of employees by sex","Sex: Total","Currency: U.S. dollars","2002",376.15,"Break in series",,"Currency: MEX - New Peso (MXN) | Break in series: Methodology revised","Repository: ILO-STATISTICS - Micro data processing"
"Mexico","LFS - National Occupation and Employment Survey","Average monthly earnings of employees by sex","Sex: Total","Currency: U.S. dollars","2001",355.377,,,"Working time concept: Hours actually worked | Currency: MEX - New Peso (MXN)","Data reference period: Second quarter | Reference group coverage: Employees | Age coverage - minimum age: 14 years old"
"Mexico","LFS - National Occupation and Employment Survey","Average monthly earnings of employees by sex","Sex: Total","Currency: U.S. dollars","2000",310.769,,,"Working time concept: Hours actually worked | Currency: MEX - New Peso (MXN)","Data reference period: Second quarter | Reference group coverage: Employees | Age coverage - minimum age: 14 years old"
"Mexico","LFS - National Occupation and Employment Survey","Average monthly earnings of employees by sex","Sex: Total","Currency: U.S. dollars","1999",249.452,,,"Working time concept: Hours actually worked | Currency: MEX - New Peso (MXN)","Data reference period: Second quarter | Reference group coverage: Employees | Age coverage - minimum age: 14 years old"
"Niger","HIES - National Survey on Household Living Conditions","Average monthly earnings of employees by sex","Sex: Total","Currency: U.S. dollars","2022",120.365,,,"Currency: NER - West African CFA franc (XOF)","Repository: ILO-STATISTICS - Micro data processing"
"Niger","HIES - National Survey on Household Living Conditions","Average monthly earnings of employees by sex","Sex: Total","Currency: U.S. dollars","2019",143.756,,,"Currency: NER - West African CFA franc (XOF)","Repository: ILO-STATISTICS - Micro data processing"
"Niger","HIES - National Survey on Household Living Conditions","Average monthly earnings of employees by sex","Sex: Total","Currency: U.S. dollars","2014",238.998,,,"Currency: NER - West African CFA franc (XOF)","Repository: ILO-STATISTICS - Micro data processing"
"Niger","LFS - National Survey on Employment and the Informal Sector","Average monthly earnings of employees by sex","Sex: Total","Currency: U.S. dollars","2012",147.889,"Break in series",,"Currency: NER - West African CFA franc (XOF) | Break in series: Methodology revised","Repository: ILO-STATISTICS - Micro data processing"
"Niger","HIES - National Survey on Household Living Conditions","Average monthly earnings of employees by sex","Sex: Total","Currency: U.S. dollars","2011",119.233,"Break in series",,"Currency: NER - West African CFA franc (XOF) | Break in series: Methodology revised","Repository: ILO-STATISTICS - Micro data processing"
"Niger","SNA - National Accounts Estimates","Average monthly earnings of employees by sex","Sex: Total","Currency: U.S. dollars","2010",51.143,,,"Working time arrangement coverage: Full-time and part time workers | Working time concept: Hours actually worked | Currency: NER - West African CFA franc (XOF)","Population coverage: Excluding both institutional population and armed forces and/or conscripts | Reference group coverage: Employees"
"Niger","SNA - National Accounts Estimates","Average monthly earnings of employees by sex","Sex: Total","Currency: U.S. dollars","2009",61.105,,,"Working time arrangement coverage: Full-time and part time workers | Working time concept: Hours actually worked | Currency: NER - West African CFA franc (XOF)","Population coverage: Excluding both institutional population and armed forces and/or conscripts | Reference group coverage: Employees"
"Romania","HIES - EU Statistics on Income and Living Conditions","Average monthly earnings of employees by sex","Sex: Total","Currency: U.S. dollars","2022",1069.565,,,"Currency: ROU - Euro (EUR)","Repository: ILO-STATISTICS - Micro data processing | Age coverage - minimum age: 16 years old"
"Romania","HIES - EU Statistics on Income and Living Conditions","Average monthly earnings of employees by sex","Sex: Total","Currency: U.S. dollars","2021",1128.895,,,"Currency: ROU - Euro (EUR)","Repository: ILO-STATISTICS - Micro data processing | Age coverage - minimum age: 16 years old"
"Romania","HIES - EU Statistics on Income and Living Conditions","Average monthly earnings of employees by sex","Sex: Total","Currency: U.S. dollars","2020",952.19,,,"Currency: ROU - Euro (EUR)","Repository: ILO-STATISTICS - Micro data processing | Age coverage - minimum age: 16 years old"
"Romania","HIES - EU Statistics on Income and Living Conditions","Average monthly earnings of employees by sex","Sex: Total","Currency: U.S. dollars","2019",894.126,,,"Currency: ROU - Euro (EUR)","Repository: ILO-STATISTICS - Micro data processing | Age coverage - minimum age: 16 years old"
"Romania","HIES - EU Statistics on Income and Living Conditions","Average monthly earnings of employees by sex","Sex: Total","Currency: U.S. dollars","2018",663.065,,,"Currency: ROU - Euro (EUR)","Repository: ILO-STATISTICS - Micro data processing | Age coverage - minimum age: 16 years old"
"Romania","HIES - EU Statistics on Income and Living Conditions","Average monthly earnings of employees by sex","Sex: Total","Currency: U.S. dollars","2017",495.759,,,"Currency: ROU - Euro (EUR)","Repository: ILO-STATISTICS - Micro data processing | Age coverage - minimum age: 16 years old"
"Romania","HIES - EU Statistics on Income and Living Conditions","Average monthly earnings of employees by sex","Sex: Total","Currency: U.S. dollars","2016",444.308,,,"Currency: ROU - Euro (EUR)","Repository: ILO-STATISTICS - Micro data processing | Age coverage - minimum age: 16 years old"
"Romania","HIES - EU Statistics on Income and Living Conditions","Average monthly earnings of employees by sex","Sex: Total","Currency: U.S. dollars","2015",407.122,,,"Currency: ROU - Euro (EUR)","Repository: ILO-STATISTICS - Micro data processing | Age coverage - minimum age: 16 years old"
"Romania","HIES - EU Statistics on Income and Living Conditions","Average monthly earnings of employees by sex","Sex: Total","Currency: U.S. dollars","2014",463.816,,,"Currency: ROU - Euro (EUR)","Repository: ILO-STATISTICS - Micro data processing | Age coverage - minimum age: 16 years old"
"Romania","HIES - EU Statistics on Income and Living Conditions","Average monthly earnings of employees by sex","Sex: Total","Currency: U.S. dollars","2013",436.76,,,"Currency: ROU - Euro (EUR)","Repository: ILO-STATISTICS - Micro data processing | Age coverage - minimum age: 16 years old"
"Romania","HIES - EU Statistics on Income and Living Conditions","Average monthly earnings of employees by sex","Sex: Total","Currency: U.S. dollars","2012",425.355,,,"Currency: ROU - Euro (EUR)","Repository: ILO-STATISTICS - Micro data processing | Age coverage - minimum age: 16 years old"
"Romania","HIES - EU Statistics on Income and Living Conditions","Average monthly earnings of employees by sex","Sex: Total","Currency: U.S. dollars","2011",456.985,,,"Currency: ROU - Euro (EUR)","Repository: ILO-STATISTICS - Micro data processing | Age coverage - minimum age: 16 years old"
"Romania","HIES - EU Statistics on Income and Living Conditions","Average monthly earnings of employees by sex","Sex: Total","Currency: U.S. dollars","2010",431.979,,,"Currency: ROU - Euro (EUR)","Repository: ILO-STATISTICS - Micro data processing | Age coverage - minimum age: 16 years old"
"Romania","HIES - EU Statistics on Income and Living Conditions","Average monthly earnings of employees by sex","Sex: Total","Currency: U.S. dollars","2009",495.224,,,"Currency: ROU - Euro (EUR)","Repository: ILO-STATISTICS - Micro data processing | Age coverage - minimum age: 16 years old"
"Romania","HIES - EU Statistics on Income and Living Conditions","Average monthly earnings of employees by sex","Sex: Total","Currency: U.S. dollars","2008",497.549,,,"Currency: ROU - Euro (EUR)","Repository: ILO-STATISTICS - Micro data processing | Age coverage - minimum age: 16 years old"
"Romania","HIES - EU Statistics on Income and Living Conditions","Average monthly earnings of employees by sex","Sex: Total","Currency: U.S. dollars","2007",399.827,,,"Currency: ROU - Euro (EUR)","Repository: ILO-STATISTICS - Micro data processing | Age coverage - minimum age: 16 years old"
"Romania","ES - Labour cost Survey","Average monthly earnings of employees by sex","Sex: Total","Currency: U.S. dollars","2006",407.977,,,"Working time concept: Hours actually worked | Currency: ROU - Romanian leu (RON)","Reference group coverage: Employees"
"Romania","ES - Labour cost Survey","Average monthly earnings of employees by sex","Sex: Total","Currency: U.S. dollars","2005",332.229,,,"Working time concept: Hours actually worked | Currency: ROU - Romanian leu (RON) | Break in series: New or revalued currency","Reference group coverage: Employees"
"United States of America","LFS - Current Population Survey","Average monthly earnings of employees by sex","Sex: Total","Currency: U.S. dollars","2023",5334.394,,,"Currency: USA - United States dollar (USD)","Repository: ILO-STATISTICS - Micro data processing | Age coverage - minimum age: 16 years old"
"United States of America","LFS - Current Population Survey","Average monthly earnings of employees by sex","Sex: Total","Currency: U.S. dollars","2022",4844.618,,,"Currency: USA - United States dollar (USD)","Repository: ILO-STATISTICS - Micro data processing | Age coverage - minimum age: 16 years old"
"United States of America","LFS - Current Population Survey","Average monthly earnings of employees by sex","Sex: Total","Currency: U.S. dollars","2021",4600.127,,,"Currency: USA - United States dollar (USD)","Repository: ILO-STATISTICS - Micro data processing | Age coverage - minimum age: 16 years old"
"United States of America","LFS - Current Population Survey","Average monthly earnings of employees by sex","Sex: Total","Currency: U.S. dollars","2020",4502.189,"Break in series",,"Currency: USA - United States dollar (USD) | Break in series: Methodology revised","Repository: ILO-STATISTICS - Micro data processing | Age coverage - minimum age: 16 years old"
"United States of America","LFS - Current Population Survey","Average monthly earnings of employees by sex","Sex: Total","Currency: U.S. dollars","2019",4233.085,,,"Currency: USA - United States dollar (USD)","Repository: ILO-STATISTICS - Micro data processing | Age coverage - minimum age: 16 years old"
"United States of America","LFS - Current Population Survey","Average monthly earnings of employees by sex","Sex: Total","Currency: U.S. dollars","2018",4088.47,,,"Currency: USA - United States dollar (USD)","Repository: ILO-STATISTICS - Micro data processing | Age coverage - minimum age: 16 years old"
"United States of America","LFS - Current Population Survey","Average monthly earnings of employees by sex","Sex: Total","Currency: U.S. dollars","2017",3955.181,,,"Currency: USA - United States dollar (USD)","Repository: ILO-STATISTICS - Micro data processing | Age coverage - minimum age: 16 years old"
"United States of America","LFS - Current Population Survey","Average monthly earnings of employees by sex","Sex: Total","Currency: U.S. dollars","2016",3834.601,,,"Currency: USA - United States dollar (USD)","Repository: ILO-STATISTICS - Micro data processing | Age coverage - minimum age: 16 years old"
"United States of America","LFS - Current Population Survey","Average monthly earnings of employees by sex","Sex: Total","Currency: U.S. dollars","2015",3728.372,,,"Currency: USA - United States dollar (USD)","Repository: ILO-STATISTICS - Micro data processing | Age coverage - minimum age: 16 years old"
"United States of America","LFS - Current Population Survey","Average monthly earnings of employees by sex","Sex: Total","Currency: U.S. dollars","2014",3623.504,,,"Currency: USA - United States dollar (USD)","Repository: ILO-STATISTICS - Micro data processing | Age coverage - minimum age: 16 years old"
"United States of America","LFS - Current Population Survey","Average monthly earnings of employees by sex","Sex: Total","Currency: U.S. dollars","2013",3578.783,,,"Currency: USA - United States dollar (USD)","Repository: ILO-STATISTICS - Micro data processing | Age coverage - minimum age: 16 years old"
"United States of America","LFS - Current Population Survey","Average monthly earnings of employees by sex","Sex: Total","Currency: U.S. dollars","2012",3512.329,,,"Currency: USA - United States dollar (USD)","Repository: ILO-STATISTICS - Micro data processing | Age coverage - minimum age: 16 years old"
"United States of America","LFS - Current Population Survey","Average monthly earnings of employees by sex","Sex: Total","Currency: U.S. dollars","2011",3433.603,,,"Currency: USA - United States dollar (USD)","Repository: ILO-STATISTICS - Micro data processing | Age coverage - minimum age: 16 years old"
"United States of America","LFS - Current Population Survey","Average monthly earnings of employees by sex","Sex: Total","Currency: U.S. dollars","2010",3389.019,,,"Currency: USA - United States dollar (USD)","Repository: ILO-STATISTICS - Micro data processing | Age coverage - minimum age: 16 years old"
"United States of America","LFS - Current Population Survey","Average monthly earnings of employees by sex","Sex: Total","Currency: U.S. dollars","2009",3354.7,,,"Currency: USA - United States dollar (USD)","Repository: ILO-STATISTICS - Micro data processing | Age coverage - minimum age: 16 years old"
"United States of America","LFS - Current Population Survey","Average monthly earnings of employees by sex","Sex: Total","Currency: U.S. dollars","2008",3339.885,,,"Currency: USA - United States dollar (USD)","Repository: ILO-STATISTICS - Micro data processing | Age coverage - minimum age: 16 years old"
"United States of America","LFS - Current Population Survey","Average monthly earnings of employees by sex","Sex: Total","Currency: U.S. dollars","2007",3223.712,,,"Currency: USA - United States dollar (USD)","Repository: ILO-STATISTICS - Micro data processing | Age coverage - minimum age: 16 years old"
"United States of America","LFS - Current Population Survey","Average monthly earnings of employees by sex","Sex: Total","Currency: U.S. dollars","2006",3130.431,,,"Currency: USA - United States dollar (USD)","Repository: ILO-STATISTICS - Micro data processing | Age coverage - minimum age: 16 years old"
"United States of America","LFS - Current Population Survey","Average monthly earnings of employees by sex","Sex: Total","Currency: U.S. dollars","2005",3029.409,,,"Currency: USA - United States dollar (USD)","Repository: ILO-STATISTICS - Micro data processing | Age coverage - minimum age: 16 years old"
"United States of America","LFS - Current Population Survey","Average monthly earnings of employees by sex","Sex: Total","Currency: U.S. dollars","2004",2946.492,,,"Currency: USA - United States dollar (USD)","Repository: ILO-STATISTICS - Micro data processing | Age coverage - minimum age: 16 years old"
"United States of America","LFS - Current Population Survey","Average monthly earnings of employees by sex","Sex: Total","Currency: U.S. dollars","2003",2869.141,,,"Currency: USA - United States dollar (USD)","Repository: ILO-STATISTICS - Micro data processing | Age coverage - minimum age: 16 years old"
"United States of America","LFS - Current Population Survey","Average monthly earnings of employees by sex","Sex: Total","Currency: U.S. dollars","2002",2806.444,,,"Currency: USA - United States dollar (USD)","Repository: ILO-STATISTICS - Micro data processing | Age coverage - minimum age: 16 years old"
"United States of America","LFS - Current Population Survey","Average monthly earnings of employees by sex","Sex: Total","Currency: U.S. dollars","2001",2741.631,,,"Currency: USA - United States dollar (USD)","Repository: ILO-STATISTICS - Micro data processing | Age coverage - minimum age: 16 years old"
"United States of America","LFS - Current Population Survey","Average monthly earnings of employees by sex","Sex: Total","Currency: U.S. dollars","2000",2629.435,,,"Currency: USA - United States dollar (USD)","Repository: ILO-STATISTICS - Micro data processing | Age coverage - minimum age: 16 years old"
"United States of America","LFS - Current Population Survey","Average monthly earnings of employees by sex","Sex: Total","Currency: U.S. dollars","1999",2509.195,,,"Currency: USA - United States dollar (USD)","Repository: ILO-STATISTICS - Micro data processing | Age coverage - minimum age: 16 years old"
